fieldDegree,operation,a,b,result
8,alpha,0,,1
8,alpha,1,,2
8,alpha,2,,4
8,alpha,3,,8
8,alpha,4,,16
8,alpha,5,,32
8,alpha,6,,64
8,alpha,7,,128
8,alpha,8,,29
8,alpha,9,,58
8,alpha,10,,116
8,alpha,11,,232
8,alpha,12,,205
8,alpha,13,,135
8,alpha,14,,19
8,alpha,15,,38
8,alpha,16,,76
8,alpha,17,,152
8,alpha,18,,45
8,alpha,19,,90
8,alpha,20,,180
8,alpha,21,,117
8,alpha,22,,234
8,alpha,23,,201
8,alpha,24,,143
8,alpha,25,,3
8,alpha,26,,6
8,alpha,27,,12
8,alpha,28,,24
8,alpha,29,,48
8,alpha,30,,96
8,alpha,31,,192
8,alpha,32,,157
8,alpha,33,,39
8,alpha,34,,78
8,alpha,35,,156
8,alpha,36,,37
8,alpha,37,,74
8,alpha,38,,148
8,alpha,39,,53
8,alpha,40,,106
8,alpha,41,,212
8,alpha,42,,181
8,alpha,43,,119
8,alpha,44,,238
8,alpha,45,,193
8,alpha,46,,159
8,alpha,47,,35
8,alpha,48,,70
8,alpha,49,,140
8,alpha,50,,5
8,alpha,51,,10
8,alpha,52,,20
8,alpha,53,,40
8,alpha,54,,80
8,alpha,55,,160
8,alpha,56,,93
8,alpha,57,,186
8,alpha,58,,105
8,alpha,59,,210
8,alpha,60,,185
8,alpha,61,,111
8,alpha,62,,222
8,alpha,63,,161
8,alpha,64,,95
8,alpha,65,,190
8,alpha,66,,97
8,alpha,67,,194
8,alpha,68,,153
8,alpha,69,,47
8,alpha,70,,94
8,alpha,71,,188
8,alpha,72,,101
8,alpha,73,,202
8,alpha,74,,137
8,alpha,75,,15
8,alpha,76,,30
8,alpha,77,,60
8,alpha,78,,120
8,alpha,79,,240
8,alpha,80,,253
8,alpha,81,,231
8,alpha,82,,211
8,alpha,83,,187
8,alpha,84,,107
8,alpha,85,,214
8,alpha,86,,177
8,alpha,87,,127
8,alpha,88,,254
8,alpha,89,,225
8,alpha,90,,223
8,alpha,91,,163
8,alpha,92,,91
8,alpha,93,,182
8,alpha,94,,113
8,alpha,95,,226
8,alpha,96,,217
8,alpha,97,,175
8,alpha,98,,67
8,alpha,99,,134
8,alpha,100,,17
8,alpha,101,,34
8,alpha,102,,68
8,alpha,103,,136
8,alpha,104,,13
8,alpha,105,,26
8,alpha,106,,52
8,alpha,107,,104
8,alpha,108,,208
8,alpha,109,,189
8,alpha,110,,103
8,alpha,111,,206
8,alpha,112,,129
8,alpha,113,,31
8,alpha,114,,62
8,alpha,115,,124
8,alpha,116,,248
8,alpha,117,,237
8,alpha,118,,199
8,alpha,119,,147
8,alpha,120,,59
8,alpha,121,,118
8,alpha,122,,236
8,alpha,123,,197
8,alpha,124,,151
8,alpha,125,,51
8,alpha,126,,102
8,alpha,127,,204
8,alpha,128,,133
8,alpha,129,,23
8,alpha,130,,46
8,alpha,131,,92
8,alpha,132,,184
8,alpha,133,,109
8,alpha,134,,218
8,alpha,135,,169
8,alpha,136,,79
8,alpha,137,,158
8,alpha,138,,33
8,alpha,139,,66
8,alpha,140,,132
8,alpha,141,,21
8,alpha,142,,42
8,alpha,143,,84
8,alpha,144,,168
8,alpha,145,,77
8,alpha,146,,154
8,alpha,147,,41
8,alpha,148,,82
8,alpha,149,,164
8,alpha,150,,85
8,alpha,151,,170
8,alpha,152,,73
8,alpha,153,,146
8,alpha,154,,57
8,alpha,155,,114
8,alpha,156,,228
8,alpha,157,,213
8,alpha,158,,183
8,alpha,159,,115
8,alpha,160,,230
8,alpha,161,,209
8,alpha,162,,191
8,alpha,163,,99
8,alpha,164,,198
8,alpha,165,,145
8,alpha,166,,63
8,alpha,167,,126
8,alpha,168,,252
8,alpha,169,,229
8,alpha,170,,215
8,alpha,171,,179
8,alpha,172,,123
8,alpha,173,,246
8,alpha,174,,241
8,alpha,175,,255
8,alpha,176,,227
8,alpha,177,,219
8,alpha,178,,171
8,alpha,179,,75
8,alpha,180,,150
8,alpha,181,,49
8,alpha,182,,98
8,alpha,183,,196
8,alpha,184,,149
8,alpha,185,,55
8,alpha,186,,110
8,alpha,187,,220
8,alpha,188,,165
8,alpha,189,,87
8,alpha,190,,174
8,alpha,191,,65
8,alpha,192,,130
8,alpha,193,,25
8,alpha,194,,50
8,alpha,195,,100
8,alpha,196,,200
8,alpha,197,,141
8,alpha,198,,7
8,alpha,199,,14
8,alpha,200,,28
8,alpha,201,,56
8,alpha,202,,112
8,alpha,203,,224
8,alpha,204,,221
8,alpha,205,,167
8,alpha,206,,83
8,alpha,207,,166
8,alpha,208,,81
8,alpha,209,,162
8,alpha,210,,89
8,alpha,211,,178
8,alpha,212,,121
8,alpha,213,,242
8,alpha,214,,249
8,alpha,215,,239
8,alpha,216,,195
8,alpha,217,,155
8,alpha,218,,43
8,alpha,219,,86
8,alpha,220,,172
8,alpha,221,,69
8,alpha,222,,138
8,alpha,223,,9
8,alpha,224,,18
8,alpha,225,,36
8,alpha,226,,72
8,alpha,227,,144
8,alpha,228,,61
8,alpha,229,,122
8,alpha,230,,244
8,alpha,231,,245
8,alpha,232,,247
8,alpha,233,,243
8,alpha,234,,251
8,alpha,235,,235
8,alpha,236,,203
8,alpha,237,,139
8,alpha,238,,11
8,alpha,239,,22
8,alpha,240,,44
8,alpha,241,,88
8,alpha,242,,176
8,alpha,243,,125
8,alpha,244,,250
8,alpha,245,,233
8,alpha,246,,207
8,alpha,247,,131
8,alpha,248,,27
8,alpha,249,,54
8,alpha,250,,108
8,alpha,251,,216
8,alpha,252,,173
8,alpha,253,,71
8,alpha,254,,142
8,log,1,,0
8,inverse,1,,1
8,log,2,,1
8,inverse,2,,142
8,log,3,,25
8,inverse,3,,244
8,log,4,,2
8,inverse,4,,71
8,log,5,,50
8,inverse,5,,167
8,log,6,,26
8,inverse,6,,122
8,log,7,,198
8,inverse,7,,186
8,log,8,,3
8,inverse,8,,173
8,log,9,,223
8,inverse,9,,157
8,log,10,,51
8,inverse,10,,221
8,log,11,,238
8,inverse,11,,152
8,log,12,,27
8,inverse,12,,61
8,log,13,,104
8,inverse,13,,170
8,log,14,,199
8,inverse,14,,93
8,log,15,,75
8,inverse,15,,150
8,log,16,,4
8,inverse,16,,216
8,log,17,,100
8,inverse,17,,114
8,log,18,,224
8,inverse,18,,192
8,log,19,,14
8,inverse,19,,88
8,log,20,,52
8,inverse,20,,224
8,log,21,,141
8,inverse,21,,62
8,log,22,,239
8,inverse,22,,76
8,log,23,,129
8,inverse,23,,102
8,log,24,,28
8,inverse,24,,144
8,log,25,,193
8,inverse,25,,222
8,log,26,,105
8,inverse,26,,85
8,log,27,,248
8,inverse,27,,128
8,log,28,,200
8,inverse,28,,160
8,log,29,,8
8,inverse,29,,131
8,log,30,,76
8,inverse,30,,75
8,log,31,,113
8,inverse,31,,42
8,log,32,,5
8,inverse,32,,108
8,log,33,,138
8,inverse,33,,237
8,log,34,,101
8,inverse,34,,57
8,log,35,,47
8,inverse,35,,81
8,log,36,,225
8,inverse,36,,96
8,log,37,,36
8,inverse,37,,86
8,log,38,,15
8,inverse,38,,44
8,log,39,,33
8,inverse,39,,138
8,log,40,,53
8,inverse,40,,112
8,log,41,,147
8,inverse,41,,208
8,log,42,,142
8,inverse,42,,31
8,log,43,,218
8,inverse,43,,74
8,log,44,,240
8,inverse,44,,38
8,log,45,,18
8,inverse,45,,139
8,log,46,,130
8,inverse,46,,51
8,log,47,,69
8,inverse,47,,110
8,log,48,,29
8,inverse,48,,72
8,log,49,,181
8,inverse,49,,137
8,log,50,,194
8,inverse,50,,111
8,log,51,,125
8,inverse,51,,46
8,log,52,,106
8,inverse,52,,164
8,log,53,,39
8,inverse,53,,195
8,log,54,,249
8,inverse,54,,64
8,log,55,,185
8,inverse,55,,94
8,log,56,,201
8,inverse,56,,80
8,log,57,,154
8,inverse,57,,34
8,log,58,,9
8,inverse,58,,207
8,log,59,,120
8,inverse,59,,169
8,log,60,,77
8,inverse,60,,171
8,log,61,,228
8,inverse,61,,12
8,log,62,,114
8,inverse,62,,21
8,log,63,,166
8,inverse,63,,225
8,log,64,,6
8,inverse,64,,54
8,log,65,,191
8,inverse,65,,95
8,log,66,,139
8,inverse,66,,248
8,log,67,,98
8,inverse,67,,213
8,log,68,,102
8,inverse,68,,146
8,log,69,,221
8,inverse,69,,78
8,log,70,,48
8,inverse,70,,166
8,log,71,,253
8,inverse,71,,4
8,log,72,,226
8,inverse,72,,48
8,log,73,,152
8,inverse,73,,136
8,log,74,,37
8,inverse,74,,43
8,log,75,,179
8,inverse,75,,30
8,log,76,,16
8,inverse,76,,22
8,log,77,,145
8,inverse,77,,103
8,log,78,,34
8,inverse,78,,69
8,log,79,,136
8,inverse,79,,147
8,log,80,,54
8,inverse,80,,56
8,log,81,,208
8,inverse,81,,35
8,log,82,,148
8,inverse,82,,104
8,log,83,,206
8,inverse,83,,140
8,log,84,,143
8,inverse,84,,129
8,log,85,,150
8,inverse,85,,26
8,log,86,,219
8,inverse,86,,37
8,log,87,,189
8,inverse,87,,97
8,log,88,,241
8,inverse,88,,19
8,log,89,,210
8,inverse,89,,193
8,log,90,,19
8,inverse,90,,203
8,log,91,,92
8,inverse,91,,99
8,log,92,,131
8,inverse,92,,151
8,log,93,,56
8,inverse,93,,14
8,log,94,,70
8,inverse,94,,55
8,log,95,,64
8,inverse,95,,65
8,log,96,,30
8,inverse,96,,36
8,log,97,,66
8,inverse,97,,87
8,log,98,,182
8,inverse,98,,202
8,log,99,,163
8,inverse,99,,91
8,log,100,,195
8,inverse,100,,185
8,log,101,,72
8,inverse,101,,196
8,log,102,,126
8,inverse,102,,23
8,log,103,,110
8,inverse,103,,77
8,log,104,,107
8,inverse,104,,82
8,log,105,,58
8,inverse,105,,141
8,log,106,,40
8,inverse,106,,239
8,log,107,,84
8,inverse,107,,179
8,log,108,,250
8,inverse,108,,32
8,log,109,,133
8,inverse,109,,236
8,log,110,,186
8,inverse,110,,47
8,log,111,,61
8,inverse,111,,50
8,log,112,,202
8,inverse,112,,40
8,log,113,,94
8,inverse,113,,209
8,log,114,,155
8,inverse,114,,17
8,log,115,,159
8,inverse,115,,217
8,log,116,,10
8,inverse,116,,233
8,log,117,,21
8,inverse,117,,251
8,log,118,,121
8,inverse,118,,218
8,log,119,,43
8,inverse,119,,121
8,log,120,,78
8,inverse,120,,219
8,log,121,,212
8,inverse,121,,119
8,log,122,,229
8,inverse,122,,6
8,log,123,,172
8,inverse,123,,187
8,log,124,,115
8,inverse,124,,132
8,log,125,,243
8,inverse,125,,205
8,log,126,,167
8,inverse,126,,254
8,log,127,,87
8,inverse,127,,252
8,log,128,,7
8,inverse,128,,27
8,log,129,,112
8,inverse,129,,84
8,log,130,,192
8,inverse,130,,161
8,log,131,,247
8,inverse,131,,29
8,log,132,,140
8,inverse,132,,124
8,log,133,,128
8,inverse,133,,204
8,log,134,,99
8,inverse,134,,228
8,log,135,,13
8,inverse,135,,176
8,log,136,,103
8,inverse,136,,73
8,log,137,,74
8,inverse,137,,49
8,log,138,,222
8,inverse,138,,39
8,log,139,,237
8,inverse,139,,45
8,log,140,,49
8,inverse,140,,83
8,log,141,,197
8,inverse,141,,105
8,log,142,,254
8,inverse,142,,2
8,log,143,,24
8,inverse,143,,245
8,log,144,,227
8,inverse,144,,24
8,log,145,,165
8,inverse,145,,223
8,log,146,,153
8,inverse,146,,68
8,log,147,,119
8,inverse,147,,79
8,log,148,,38
8,inverse,148,,155
8,log,149,,184
8,inverse,149,,188
8,log,150,,180
8,inverse,150,,15
8,log,151,,124
8,inverse,151,,92
8,log,152,,17
8,inverse,152,,11
8,log,153,,68
8,inverse,153,,220
8,log,154,,146
8,inverse,154,,189
8,log,155,,217
8,inverse,155,,148
8,log,156,,35
8,inverse,156,,172
8,log,157,,32
8,inverse,157,,9
8,log,158,,137
8,inverse,158,,199
8,log,159,,46
8,inverse,159,,162
8,log,160,,55
8,inverse,160,,28
8,log,161,,63
8,inverse,161,,130
8,log,162,,209
8,inverse,162,,159
8,log,163,,91
8,inverse,163,,198
8,log,164,,149
8,inverse,164,,52
8,log,165,,188
8,inverse,165,,194
8,log,166,,207
8,inverse,166,,70
8,log,167,,205
8,inverse,167,,5
8,log,168,,144
8,inverse,168,,206
8,log,169,,135
8,inverse,169,,59
8,log,170,,151
8,inverse,170,,13
8,log,171,,178
8,inverse,171,,60
8,log,172,,220
8,inverse,172,,156
8,log,173,,252
8,inverse,173,,8
8,log,174,,190
8,inverse,174,,190
8,log,175,,97
8,inverse,175,,183
8,log,176,,242
8,inverse,176,,135
8,log,177,,86
8,inverse,177,,229
8,log,178,,211
8,inverse,178,,238
8,log,179,,171
8,inverse,179,,107
8,log,180,,20
8,inverse,180,,235
8,log,181,,42
8,inverse,181,,242
8,log,182,,93
8,inverse,182,,191
8,log,183,,158
8,inverse,183,,175
8,log,184,,132
8,inverse,184,,197
8,log,185,,60
8,inverse,185,,100
8,log,186,,57
8,inverse,186,,7
8,log,187,,83
8,inverse,187,,123
8,log,188,,71
8,inverse,188,,149
8,log,189,,109
8,inverse,189,,154
8,log,190,,65
8,inverse,190,,174
8,log,191,,162
8,inverse,191,,182
8,log,192,,31
8,inverse,192,,18
8,log,193,,45
8,inverse,193,,89
8,log,194,,67
8,inverse,194,,165
8,log,195,,216
8,inverse,195,,53
8,log,196,,183
8,inverse,196,,101
8,log,197,,123
8,inverse,197,,184
8,log,198,,164
8,inverse,198,,163
8,log,199,,118
8,inverse,199,,158
8,log,200,,196
8,inverse,200,,210
8,log,201,,23
8,inverse,201,,247
8,log,202,,73
8,inverse,202,,98
8,log,203,,236
8,inverse,203,,90
8,log,204,,127
8,inverse,204,,133
8,log,205,,12
8,inverse,205,,125
8,log,206,,111
8,inverse,206,,168
8,log,207,,246
8,inverse,207,,58
8,log,208,,108
8,inverse,208,,41
8,log,209,,161
8,inverse,209,,113
8,log,210,,59
8,inverse,210,,200
8,log,211,,82
8,inverse,211,,246
8,log,212,,41
8,inverse,212,,249
8,log,213,,157
8,inverse,213,,67
8,log,214,,85
8,inverse,214,,215
8,log,215,,170
8,inverse,215,,214
8,log,216,,251
8,inverse,216,,16
8,log,217,,96
8,inverse,217,,115
8,log,218,,134
8,inverse,218,,118
8,log,219,,177
8,inverse,219,,120
8,log,220,,187
8,inverse,220,,153
8,log,221,,204
8,inverse,221,,10
8,log,222,,62
8,inverse,222,,25
8,log,223,,90
8,inverse,223,,145
8,log,224,,203
8,inverse,224,,20
8,log,225,,89
8,inverse,225,,63
8,log,226,,95
8,inverse,226,,230
8,log,227,,176
8,inverse,227,,240
8,log,228,,156
8,inverse,228,,134
8,log,229,,169
8,inverse,229,,177
8,log,230,,160
8,inverse,230,,226
8,log,231,,81
8,inverse,231,,241
8,log,232,,11
8,inverse,232,,250
8,log,233,,245
8,inverse,233,,116
8,log,234,,22
8,inverse,234,,243
8,log,235,,235
8,inverse,235,,180
8,log,236,,122
8,inverse,236,,109
8,log,237,,117
8,inverse,237,,33
8,log,238,,44
8,inverse,238,,178
8,log,239,,215
8,inverse,239,,106
8,log,240,,79
8,inverse,240,,227
8,log,241,,174
8,inverse,241,,231
8,log,242,,213
8,inverse,242,,181
8,log,243,,233
8,inverse,243,,234
8,log,244,,230
8,inverse,244,,3
8,log,245,,231
8,inverse,245,,143
8,log,246,,173
8,inverse,246,,211
8,log,247,,232
8,inverse,247,,201
8,log,248,,116
8,inverse,248,,66
8,log,249,,214
8,inverse,249,,212
8,log,250,,244
8,inverse,250,,232
8,log,251,,234
8,inverse,251,,117
8,log,252,,168
8,inverse,252,,127
8,log,253,,80
8,inverse,253,,255
8,log,254,,88
8,inverse,254,,126
8,log,255,,175
8,inverse,255,,253
8,multiply,11,8,88
8,divide,11,8,235
8,evaluate,11,8,99
8,multiply,48,61,4
8,divide,48,61,93
8,evaluate,48,61,244
8,multiply,85,114,5
8,divide,85,114,108
8,evaluate,85,114,93
8,multiply,122,167,75
8,divide,122,167,143
8,evaluate,122,167,80
8,multiply,159,220,243
8,divide,159,220,62
8,evaluate,159,220,248
8,multiply,196,18,73
8,divide,196,18,249
8,evaluate,196,18,247
8,multiply,233,71,125
8,divide,233,71,131
8,evaluate,233,71,74
8,multiply,14,124,210
8,divide,14,124,107
8,evaluate,14,124,12
8,multiply,51,177,178
8,divide,51,177,53
8,evaluate,51,177,187
8,multiply,88,230,154
8,divide,88,230,231
8,evaluate,88,230,191
8,multiply,125,28,165
8,divide,125,28,119
8,evaluate,125,28,123
8,multiply,162,81,191
8,divide,162,81,2
8,evaluate,162,81,128
8,multiply,199,134,155
8,divide,199,134,90
8,evaluate,199,134,47
8,multiply,236,187,167
8,divide,236,187,53
8,evaluate,236,187,144
8,multiply,17,240,75
8,divide,17,240,117
8,evaluate,17,240,193
8,multiply,54,38,58
8,divide,54,38,251
8,evaluate,54,38,250
8,multiply,91,91,149
8,divide,91,91,1
8,evaluate,91,91,225
8,multiply,128,144,251
8,divide,128,144,156
8,evaluate,128,144,73
8,multiply,165,197,93
8,divide,165,197,190
8,evaluate,165,197,98
8,multiply,202,250,222
8,divide,202,250,107
8,evaluate,202,250,85
8,multiply,239,48,250
8,divide,239,48,110
8,evaluate,239,48,132
8,multiply,20,101,151
8,divide,20,101,235
8,evaluate,20,101,85
8,multiply,57,154,193
8,divide,57,154,29
8,evaluate,57,154,4
8,multiply,94,207,111
8,divide,94,207,240
8,evaluate,94,207,83
8,multiply,131,5,181
8,divide,131,5,141
8,evaluate,131,5,225
8,multiply,168,58,146
8,divide,168,58,169
8,evaluate,168,58,159
8,multiply,205,111,202
8,divide,205,111,83
8,evaluate,205,111,15
8,multiply,242,164,104
8,divide,242,164,95
8,evaluate,242,164,235
8,multiply,23,217,36
8,divide,23,217,39
8,evaluate,23,217,2
8,multiply,60,15,73
8,divide,60,15,4
8,evaluate,60,15,108
8,multiply,97,68,252
8,divide,97,68,86
8,evaluate,97,68,247
8,multiply,134,121,93
8,divide,134,121,42
8,evaluate,134,121,58
8,multiply,171,174,31
8,divide,171,174,125
8,evaluate,171,174,167
8,multiply,208,227,48
8,divide,208,227,220
8,evaluate,208,227,28
8,multiply,245,25,229
8,divide,245,25,148
8,evaluate,245,25,203
8,multiply,26,78,66
8,divide,26,78,188
8,evaluate,26,78,7
8,multiply,63,131,183
8,divide,63,131,241
8,evaluate,63,131,67
8,multiply,100,184,101
8,divide,100,184,161
8,evaluate,100,184,113
8,multiply,137,237,65
8,divide,137,237,121
8,evaluate,137,237,153
8,multiply,174,35,139
8,divide,174,35,84
8,evaluate,174,35,159
8,multiply,211,88,153
8,divide,211,88,217
8,evaluate,211,88,106
8,multiply,248,141,105
8,divide,248,141,241
8,evaluate,248,141,143
8,multiply,29,194,15
8,divide,29,194,200
8,evaluate,29,194,54
8,multiply,66,247,248
8,divide,66,247,191
8,evaluate,66,247,151
8,multiply,103,45,133
8,divide,103,45,91
8,evaluate,103,45,212
8,multiply,140,98,245
8,divide,140,98,236
8,evaluate,140,98,209
8,multiply,177,151,89
8,divide,177,151,155
8,evaluate,177,151,181
8,multiply,214,204,121
8,divide,214,204,242
8,evaluate,214,204,30
8,multiply,251,2,235
8,divide,251,2,243
8,evaluate,251,2,226
8,multiply,32,55,174
8,divide,32,55,15
8,evaluate,32,55,110
8,multiply,69,108,195
8,divide,69,108,72
8,evaluate,69,108,238
8,multiply,106,161,136
8,divide,106,161,247
8,evaluate,106,161,222
8,multiply,143,214,189
8,divide,143,214,50
8,evaluate,143,214,189
8,multiply,180,12,35
8,divide,180,12,27
8,evaluate,180,12,197
8,multiply,217,65,157
8,divide,217,65,230
8,evaluate,217,65,61
8,multiply,254,118,162
8,divide,254,118,138
8,evaluate,254,118,115
8,multiply,35,171,36
8,divide,35,171,151
8,evaluate,35,171,170
8,multiply,72,224,241
8,divide,72,224,201
8,evaluate,72,224,118
8,multiply,109,22,237
8,divide,109,22,164
8,evaluate,109,22,74
8,multiply,146,75,60
8,divide,146,75,122
8,evaluate,146,75,49
8,multiply,183,128,145
8,divide,183,128,170
8,evaluate,183,128,229
8,multiply,220,181,122
8,divide,220,181,77
8,evaluate,220,181,29
8,multiply,1,234,234
8,divide,1,234,243
8,evaluate,1,234,138
8,multiply,38,32,180
8,divide,38,32,116
8,evaluate,38,32,147
8,multiply,75,85,137
8,divide,75,85,48
8,evaluate,75,85,236
8,multiply,112,138,229
8,divide,112,138,235
8,evaluate,112,138,0
8,multiply,149,191,163
8,divide,149,191,234
8,evaluate,149,191,87
8,multiply,186,244,157
8,divide,186,244,211
8,evaluate,186,244,10
8,multiply,223,42,247
8,divide,223,42,224
8,evaluate,223,42,69
8,multiply,4,95,97
8,divide,4,95,25
8,evaluate,4,95,226
8,multiply,41,148,55
8,divide,41,148,189
8,evaluate,41,148,8
8,multiply,78,201,186
8,divide,78,201,232
8,evaluate,78,201,148
8,multiply,115,254,131
8,divide,115,254,188
8,evaluate,115,254,184
8,multiply,152,52,197
8,divide,152,52,63
8,evaluate,152,52,101
8,multiply,189,105,126
8,divide,189,105,10
8,evaluate,189,105,142
8,multiply,226,158,247
8,divide,226,158,242
8,evaluate,226,158,18
8,multiply,7,211,3
8,divide,7,211,248
8,evaluate,7,211,205
8,multiply,44,9,81
8,divide,44,9,152
8,evaluate,44,9,35
8,multiply,81,62,194
8,divide,81,62,113
8,evaluate,81,62,188
8,multiply,118,115,3
8,divide,118,115,155
8,evaluate,118,115,136
8,multiply,155,168,52
8,divide,155,168,202
8,evaluate,155,168,238
8,multiply,192,221,235
8,divide,192,221,211
8,evaluate,192,221,174
8,multiply,229,19,196
8,divide,229,19,114
8,evaluate,229,19,112
8,multiply,10,72,234
8,divide,10,72,253
8,evaluate,10,72,23
8,multiply,47,125,186
8,divide,47,125,231
8,evaluate,47,125,237
8,multiply,84,178,134
8,divide,84,178,220
8,evaluate,84,178,66
8,multiply,121,231,148
8,divide,121,231,92
8,evaluate,121,231,232
8,multiply,158,29,77
8,divide,158,29,23
8,evaluate,158,29,195
8,multiply,195,82,189
8,divide,195,82,153
8,evaluate,195,82,235
8,multiply,232,135,143
8,divide,232,135,71
8,evaluate,232,135,187
8,multiply,13,188,255
8,divide,13,188,39
8,evaluate,13,188,12
8,multiply,50,241,31
8,divide,50,241,180
8,evaluate,50,241,211
8,multiply,87,39,138
8,divide,87,39,228
8,evaluate,87,39,13
8,multiply,124,92,207
8,divide,124,92,22
8,evaluate,124,92,239
8,multiply,161,145,61
8,divide,161,145,146
8,evaluate,161,145,16
8,multiply,198,198,202
8,divide,198,198,1
8,evaluate,198,198,64
8,multiply,235,251,249
8,divide,235,251,2
8,evaluate,235,251,122
8,multiply,16,49,55
8,divide,16,49,120
8,evaluate,16,49,17
8,multiply,53,102,145
8,divide,53,102,252
8,evaluate,53,102,85
8,multiply,90,155,203
8,divide,90,155,186
8,evaluate,90,155,223
8,multiply,127,208,100
8,divide,127,208,251
8,evaluate,127,208,74
8,multiply,164,6,255
8,divide,164,6,197
8,evaluate,164,6,134
8,multiply,201,59,84
8,divide,201,59,183
8,evaluate,201,59,79
8,multiply,238,112,207
8,divide,238,112,175
8,evaluate,238,112,23
8,multiply,19,165,112
8,divide,19,165,231
8,evaluate,19,165,33
8,multiply,56,218,253
8,divide,56,218,194
8,evaluate,56,218,213
8,multiply,93,16,185
8,divide,93,16,20
8,evaluate,93,16,117
8,multiply,130,69,183
8,divide,130,69,72
8,evaluate,130,69,36
8,multiply,167,122,75
8,divide,167,122,245
8,evaluate,167,122,145
8,multiply,204,175,18
8,divide,204,175,96
8,evaluate,204,175,54
8,multiply,241,228,15
8,divide,241,228,45
8,evaluate,241,228,252
8,multiply,22,26,225
8,divide,22,26,218
8,evaluate,22,26,89
8,multiply,59,79,2
8,divide,59,79,22
8,evaluate,59,79,145
8,multiply,96,132,215
8,divide,96,132,77
8,evaluate,96,132,71
8,multiply,133,185,165
8,divide,133,185,153
8,evaluate,133,185,50
8,multiply,170,238,100
8,divide,170,238,104
8,evaluate,170,238,221
8,multiply,207,36,195
8,divide,207,36,117
8,evaluate,207,36,83
8,multiply,244,89,55
8,divide,244,89,180
8,evaluate,244,89,13
8,multiply,25,142,130
8,divide,25,142,50
8,evaluate,25,142,46
8,multiply,62,195,15
8,divide,62,195,146
8,evaluate,62,195,47
8,multiply,99,248,143
8,divide,99,248,35
8,evaluate,99,248,56
8,multiply,136,46,243
8,divide,136,46,61
8,evaluate,136,46,91
8,multiply,173,99,230
8,divide,173,99,225
8,evaluate,173,99,28
8,multiply,210,152,30
8,divide,210,152,181
8,evaluate,210,152,21
8,multiply,247,205,250
8,divide,247,205,172
8,evaluate,247,205,222
8,multiply,28,3,36
8,divide,28,3,255
8,evaluate,28,3,42
8,multiply,65,56,158
8,divide,65,56,233
8,evaluate,65,56,41
8,multiply,102,109,16
8,divide,102,109,27
8,evaluate,102,109,185
8,multiply,139,162,65
8,divide,139,162,24
8,evaluate,139,162,173
8,multiply,176,215,213
8,divide,176,215,101
8,evaluate,176,215,213
8,multiply,213,13,64
8,divide,213,13,40
8,evaluate,213,13,251
8,multiply,250,66,133
8,divide,250,66,26
8,evaluate,250,66,59
8,multiply,31,119,228
8,divide,31,119,94
8,evaluate,31,119,242
8,multiply,68,172,194
8,divide,68,172,158
8,evaluate,68,172,150
8,multiply,105,225,41
8,divide,105,225,18
8,evaluate,105,225,229
8,multiply,142,23,133
8,divide,142,23,51
8,evaluate,142,23,60
8,multiply,179,76,220
8,divide,179,76,114
8,evaluate,179,76,155
8,multiply,216,129,208
8,divide,216,129,66
8,evaluate,216,129,54
8,multiply,253,182,246
8,divide,253,182,176
8,evaluate,253,182,120
8,multiply,34,235,231
8,divide,34,235,118
8,evaluate,34,235,130
8,multiply,71,33,79
8,divide,71,33,124
8,evaluate,71,33,61
8,multiply,108,86,249
8,divide,108,86,192
8,evaluate,108,86,209
8,multiply,145,139,41
8,divide,145,139,196
8,evaluate,145,139,16
8,multiply,182,192,151
8,divide,182,192,222
8,evaluate,182,192,32
8,multiply,219,245,146
8,divide,219,245,56
8,evaluate,219,245,87
8,multiply,0,43,0
8,divide,0,43,0
8,evaluate,0,43,169
8,multiply,37,96,97
8,divide,37,96,64
8,evaluate,37,96,191
8,multiply,74,149,69
8,divide,74,149,208
8,evaluate,74,149,241
8,multiply,111,202,218
8,divide,111,202,125
8,evaluate,111,202,141
8,multiply,148,255,242
8,divide,148,255,199
8,evaluate,148,255,213
8,multiply,185,53,134
8,divide,185,53,117
8,evaluate,185,53,106
8,multiply,222,106,68
8,divide,222,106,234
8,evaluate,222,106,126
8,multiply,3,159,188
8,divide,3,159,251
8,evaluate,3,159,156
8,multiply,40,212,113
8,divide,40,212,205
8,evaluate,40,212,181
8,multiply,77,10,200
8,divide,77,10,113
8,evaluate,77,10,91
8,multiply,114,63,97
8,divide,114,63,250
8,evaluate,114,63,29
8,multiply,151,116,218
8,divide,151,116,62
8,evaluate,151,116,187
8,multiply,188,169,83
8,divide,188,169,65
8,evaluate,188,169,7
8,multiply,225,222,170
8,divide,225,222,12
8,evaluate,225,222,197
8,multiply,6,20,120
8,divide,6,20,122
8,evaluate,6,20,157
8,multiply,43,73,124
8,divide,43,73,97
8,evaluate,43,73,69
8,multiply,80,126,69
8,divide,80,126,42
8,evaluate,80,126,139
8,multiply,117,179,130
8,divide,117,179,26
8,evaluate,117,179,139
8,multiply,154,232,213
8,divide,154,232,169
8,evaluate,154,232,243
8,multiply,191,30,11
8,divide,191,30,177
8,evaluate,191,30,55
8,multiply,228,83,104
8,divide,228,83,167
8,evaluate,228,83,185
8,multiply,9,136,188
8,divide,9,136,59
8,evaluate,9,136,237
8,multiply,46,189,22
8,divide,46,189,117
8,evaluate,46,189,114
8,multiply,83,242,198
8,divide,83,242,27
8,evaluate,83,242,208
8,multiply,120,40,92
8,divide,120,40,3
8,evaluate,120,40,46
8,multiply,157,93,254
8,divide,157,93,245
8,evaluate,157,93,3
8,multiply,194,146,172
8,divide,194,146,229
8,evaluate,194,146,112
8,multiply,231,199,14
8,divide,231,199,43
8,evaluate,231,199,137
8,multiply,12,252,100
8,divide,12,252,62
8,evaluate,12,252,83
8,multiply,49,50,59
8,divide,49,50,176
8,evaluate,49,50,95
8,multiply,86,103,137
8,divide,86,103,189
8,evaluate,86,103,135
8,multiply,123,156,166
8,divide,123,156,158
8,evaluate,123,156,189
8,multiply,160,209,195
8,divide,160,209,164
8,evaluate,160,209,255
8,multiply,197,7,97
8,divide,197,7,150
8,evaluate,197,7,11
8,multiply,234,60,134
8,divide,234,60,28
8,evaluate,234,60,114
8,multiply,15,113,229
8,divide,15,113,203
8,evaluate,15,113,232
8,multiply,52,166,105
8,divide,52,166,57
8,evaluate,52,166,166
8,multiply,89,219,184
8,divide,89,219,39
8,evaluate,89,219,204
8,multiply,126,17,205
8,divide,126,17,194
8,evaluate,126,17,13
8,multiply,163,70,66
8,divide,163,70,119
8,evaluate,163,70,235
8,multiply,200,123,31
8,divide,200,123,143
8,evaluate,200,123,94
8,multiply,237,176,13
8,divide,237,176,46
8,evaluate,237,176,207
8,multiply,18,229,33
8,divide,18,229,160
8,evaluate,18,229,141
8,multiply,55,27,171
8,divide,55,27,130
8,evaluate,55,27,81
8,multiply,92,80,55
8,divide,92,80,60
8,evaluate,92,80,137
8,multiply,129,133,44
8,divide,129,133,22
8,evaluate,129,133,58
8,multiply,166,186,58
8,divide,166,186,85
8,evaluate,166,186,136
8,multiply,203,239,200
8,divide,203,239,117
8,evaluate,203,239,96
8,multiply,240,37,124
8,divide,240,37,119
8,evaluate,240,37,173
8,multiply,21,90,230
8,divide,21,90,236
8,evaluate,21,90,93
8,multiply,58,143,39
8,divide,58,143,44
8,evaluate,58,143,67
8,multiply,95,196,131
8,divide,95,196,79
8,evaluate,95,196,183
8,multiply,132,249,134
8,divide,132,249,49
8,evaluate,132,249,63
8,multiply,169,47,221
8,divide,169,47,97
8,evaluate,169,47,122
8,multiply,206,100,10
8,divide,206,100,179
8,evaluate,206,100,4
8,multiply,243,153,159
8,divide,243,153,145
8,evaluate,243,153,67
8,multiply,24,206,66
8,divide,24,206,123
8,evaluate,24,206,59
8,multiply,61,4,244
8,divide,61,4,72
8,evaluate,61,4,181
8,multiply,98,57,231
8,divide,98,57,24
8,evaluate,98,57,64
8,multiply,135,110,14
8,divide,135,110,211
8,evaluate,135,110,73
8,multiply,172,163,93
8,divide,172,163,23
8,evaluate,172,163,113
8,multiply,209,216,213
8,divide,209,216,145
8,evaluate,209,216,169
8,multiply,246,14,237
8,divide,246,14,122
8,evaluate,246,14,147
8,multiply,27,67,163
8,divide,27,67,85
8,evaluate,27,67,151
8,multiply,64,120,107
8,divide,64,120,196
8,evaluate,64,120,145
8,multiply,101,173,47
8,divide,101,173,15
8,evaluate,101,173,225
8,multiply,138,226,222
8,divide,138,226,204
8,evaluate,138,226,191
8,multiply,175,24,51
8,divide,175,24,47
8,evaluate,175,24,89
8,multiply,212,77,110
8,divide,212,77,170
8,evaluate,212,77,249
8,multiply,249,130,170
8,divide,249,130,234
8,evaluate,249,130,202
8,multiply,30,183,251
8,divide,30,183,246
8,evaluate,30,183,172
8,multiply,67,236,172
8,divide,67,236,245
8,evaluate,67,236,99
8,multiply,104,34,81
8,divide,104,34,64
8,evaluate,104,34,22
8,multiply,141,87,92
8,divide,141,87,29
8,evaluate,141,87,231
8,multiply,178,140,32
8,divide,178,140,191
8,evaluate,178,140,8
8,multiply,215,193,239
8,divide,215,193,51
8,evaluate,215,193,71
8,multiply,252,246,177
8,divide,252,246,108
8,evaluate,252,246,138
8,multiply,33,44,197
8,divide,33,44,146
8,evaluate,33,44,157
8,multiply,70,97,62
8,divide,70,97,139
8,evaluate,70,97,56
8,multiply,107,150,58
8,divide,107,150,115
8,evaluate,107,150,91
8,multiply,144,203,81
8,divide,144,203,207
8,evaluate,144,203,87
8,multiply,181,1,181
8,divide,181,1,181
8,evaluate,181,1,181
8,multiply,218,54,133
8,divide,218,54,132
8,evaluate,218,54,15
8,multiply,255,107,16
8,divide,255,107,163
8,evaluate,255,107,188
8,multiply,36,160,3
8,divide,36,160,215
8,evaluate,36,160,147
8,multiply,73,213,80
8,divide,73,213,108
8,evaluate,73,213,146
8,multiply,110,11,229
8,divide,110,11,224
8,evaluate,110,11,57
8,multiply,147,64,51
8,divide,147,64,31
8,evaluate,147,64,31
8,multiply,184,117,146
8,divide,184,117,206
8,evaluate,184,117,50
8,multiply,221,170,17
8,divide,221,170,40
8,evaluate,221,170,23
8,multiply,2,223,163
8,divide,2,223,63
8,evaluate,2,223,132
8,multiply,39,21,241
8,divide,39,21,41
8,evaluate,39,21,12
8,multiply,76,74,40
8,divide,76,74,251
8,evaluate,76,74,231
8,multiply,113,127,49
8,divide,113,127,128
8,evaluate,113,127,112
8,multiply,150,180,28
8,divide,150,180,230
8,evaluate,150,180,164
8,multiply,187,233,202
8,divide,187,233,182
8,evaluate,187,233,239
8,multiply,224,31,111
8,divide,224,31,223
8,evaluate,224,31,5
8,multiply,5,84,25
8,divide,5,84,191
8,evaluate,5,84,233
8,multiply,42,137,195
8,divide,42,137,153
8,evaluate,42,137,72
8,multiply,79,190,56
8,divide,79,190,188
8,evaluate,79,190,93
8,multiply,116,243,125
8,divide,116,243,157
8,evaluate,116,243,43
8,multiply,153,41,239
8,divide,153,41,227
8,evaluate,153,41,128
8,multiply,190,94,169
8,divide,190,94,108
8,evaluate,190,94,241
8,multiply,227,147,106
8,divide,227,147,186
8,evaluate,227,147,47
8,multiply,8,200,14
8,divide,8,200,222
8,evaluate,8,200,119
8,multiply,45,253,67
8,divide,45,253,25
8,evaluate,45,253,110
8,multiply,82,51,45
8,divide,82,51,201
8,evaluate,82,51,23
8,multiply,119,104,85
8,divide,119,104,65
8,evaluate,119,104,53
8,multiply,156,157,194
8,divide,156,157,8
8,evaluate,156,157,26
8,multiply,193,210,13
8,divide,193,210,88
8,evaluate,193,210,215
8,multiply,230,8,99
8,divide,230,8,213
8,evaluate,230,8,88
9,alpha,0,,1
9,alpha,1,,2
9,alpha,2,,4
9,alpha,3,,8
9,alpha,4,,16
9,alpha,5,,32
9,alpha,6,,64
9,alpha,7,,128
9,alpha,8,,256
9,alpha,9,,17
9,alpha,10,,34
9,alpha,11,,68
9,alpha,12,,136
9,alpha,13,,272
9,alpha,14,,49
9,alpha,15,,98
9,alpha,16,,196
9,alpha,17,,392
9,alpha,18,,257
9,alpha,19,,19
9,alpha,20,,38
9,alpha,21,,76
9,alpha,22,,152
9,alpha,23,,304
9,alpha,24,,113
9,alpha,25,,226
9,alpha,26,,452
9,alpha,27,,409
9,alpha,28,,291
9,alpha,29,,87
9,alpha,30,,174
9,alpha,31,,348
9,alpha,32,,169
9,alpha,33,,338
9,alpha,34,,181
9,alpha,35,,362
9,alpha,36,,197
9,alpha,37,,394
9,alpha,38,,261
9,alpha,39,,27
9,alpha,40,,54
9,alpha,41,,108
9,alpha,42,,216
9,alpha,43,,432
9,alpha,44,,369
9,alpha,45,,243
9,alpha,46,,486
9,alpha,47,,477
9,alpha,48,,427
9,alpha,49,,327
9,alpha,50,,159
9,alpha,51,,318
9,alpha,52,,109
9,alpha,53,,218
9,alpha,54,,436
9,alpha,55,,377
9,alpha,56,,227
9,alpha,57,,454
9,alpha,58,,413
9,alpha,59,,299
9,alpha,60,,71
9,alpha,61,,142
9,alpha,62,,284
9,alpha,63,,41
9,alpha,64,,82
9,alpha,65,,164
9,alpha,66,,328
9,alpha,67,,129
9,alpha,68,,258
9,alpha,69,,21
9,alpha,70,,42
9,alpha,71,,84
9,alpha,72,,168
9,alpha,73,,336
9,alpha,74,,177
9,alpha,75,,354
9,alpha,76,,213
9,alpha,77,,426
9,alpha,78,,325
9,alpha,79,,155
9,alpha,80,,310
9,alpha,81,,125
9,alpha,82,,250
9,alpha,83,,500
9,alpha,84,,505
9,alpha,85,,483
9,alpha,86,,471
9,alpha,87,,447
9,alpha,88,,367
9,alpha,89,,207
9,alpha,90,,414
9,alpha,91,,301
9,alpha,92,,75
9,alpha,93,,150
9,alpha,94,,300
9,alpha,95,,73
9,alpha,96,,146
9,alpha,97,,292
9,alpha,98,,89
9,alpha,99,,178
9,alpha,100,,356
9,alpha,101,,217
9,alpha,102,,434
9,alpha,103,,373
9,alpha,104,,251
9,alpha,105,,502
9,alpha,106,,509
9,alpha,107,,491
9,alpha,108,,455
9,alpha,109,,415
9,alpha,110,,303
9,alpha,111,,79
9,alpha,112,,158
9,alpha,113,,316
9,alpha,114,,105
9,alpha,115,,210
9,alpha,116,,420
9,alpha,117,,345
9,alpha,118,,163
9,alpha,119,,326
9,alpha,120,,157
9,alpha,121,,314
9,alpha,122,,101
9,alpha,123,,202
9,alpha,124,,404
9,alpha,125,,313
9,alpha,126,,99
9,alpha,127,,198
9,alpha,128,,396
9,alpha,129,,265
9,alpha,130,,3
9,alpha,131,,6
9,alpha,132,,12
9,alpha,133,,24
9,alpha,134,,48
9,alpha,135,,96
9,alpha,136,,192
9,alpha,137,,384
9,alpha,138,,273
9,alpha,139,,51
9,alpha,140,,102
9,alpha,141,,204
9,alpha,142,,408
9,alpha,143,,289
9,alpha,144,,83
9,alpha,145,,166
9,alpha,146,,332
9,alpha,147,,137
9,alpha,148,,274
9,alpha,149,,53
9,alpha,150,,106
9,alpha,151,,212
9,alpha,152,,424
9,alpha,153,,321
9,alpha,154,,147
9,alpha,155,,294
9,alpha,156,,93
9,alpha,157,,186
9,alpha,158,,372
9,alpha,159,,249
9,alpha,160,,498
9,alpha,161,,501
9,alpha,162,,507
9,alpha,163,,487
9,alpha,164,,479
9,alpha,165,,431
9,alpha,166,,335
9,alpha,167,,143
9,alpha,168,,286
9,alpha,169,,45
9,alpha,170,,90
9,alpha,171,,180
9,alpha,172,,360
9,alpha,173,,193
9,alpha,174,,386
9,alpha,175,,277
9,alpha,176,,59
9,alpha,177,,118
9,alpha,178,,236
9,alpha,179,,472
9,alpha,180,,417
9,alpha,181,,339
9,alpha,182,,183
9,alpha,183,,366
9,alpha,184,,205
9,alpha,185,,410
9,alpha,186,,293
9,alpha,187,,91
9,alpha,188,,182
9,alpha,189,,364
9,alpha,190,,201
9,alpha,191,,402
9,alpha,192,,309
9,alpha,193,,123
9,alpha,194,,246
9,alpha,195,,492
9,alpha,196,,457
9,alpha,197,,387
9,alpha,198,,279
9,alpha,199,,63
9,alpha,200,,126
9,alpha,201,,252
9,alpha,202,,504
9,alpha,203,,481
9,alpha,204,,467
9,alpha,205,,439
9,alpha,206,,383
9,alpha,207,,239
9,alpha,208,,478
9,alpha,209,,429
9,alpha,210,,331
9,alpha,211,,135
9,alpha,212,,270
9,alpha,213,,13
9,alpha,214,,26
9,alpha,215,,52
9,alpha,216,,104
9,alpha,217,,208
9,alpha,218,,416
9,alpha,219,,337
9,alpha,220,,179
9,alpha,221,,358
9,alpha,222,,221
9,alpha,223,,442
9,alpha,224,,357
9,alpha,225,,219
9,alpha,226,,438
9,alpha,227,,381
9,alpha,228,,235
9,alpha,229,,470
9,alpha,230,,445
9,alpha,231,,363
9,alpha,232,,199
9,alpha,233,,398
9,alpha,234,,269
9,alpha,235,,11
9,alpha,236,,22
9,alpha,237,,44
9,alpha,238,,88
9,alpha,239,,176
9,alpha,240,,352
9,alpha,241,,209
9,alpha,242,,418
9,alpha,243,,341
9,alpha,244,,187
9,alpha,245,,374
9,alpha,246,,253
9,alpha,247,,506
9,alpha,248,,485
9,alpha,249,,475
9,alpha,250,,423
9,alpha,251,,351
9,alpha,252,,175
9,alpha,253,,350
9,alpha,254,,173
9,alpha,255,,346
9,alpha,256,,165
9,alpha,257,,330
9,alpha,258,,133
9,alpha,259,,266
9,alpha,260,,5
9,alpha,261,,10
9,alpha,262,,20
9,alpha,263,,40
9,alpha,264,,80
9,alpha,265,,160
9,alpha,266,,320
9,alpha,267,,145
9,alpha,268,,290
9,alpha,269,,85
9,alpha,270,,170
9,alpha,271,,340
9,alpha,272,,185
9,alpha,273,,370
9,alpha,274,,245
9,alpha,275,,490
9,alpha,276,,453
9,alpha,277,,411
9,alpha,278,,295
9,alpha,279,,95
9,alpha,280,,190
9,alpha,281,,380
9,alpha,282,,233
9,alpha,283,,466
9,alpha,284,,437
9,alpha,285,,379
9,alpha,286,,231
9,alpha,287,,462
9,alpha,288,,397
9,alpha,289,,267
9,alpha,290,,7
9,alpha,291,,14
9,alpha,292,,28
9,alpha,293,,56
9,alpha,294,,112
9,alpha,295,,224
9,alpha,296,,448
9,alpha,297,,401
9,alpha,298,,307
9,alpha,299,,119
9,alpha,300,,238
9,alpha,301,,476
9,alpha,302,,425
9,alpha,303,,323
9,alpha,304,,151
9,alpha,305,,302
9,alpha,306,,77
9,alpha,307,,154
9,alpha,308,,308
9,alpha,309,,121
9,alpha,310,,242
9,alpha,311,,484
9,alpha,312,,473
9,alpha,313,,419
9,alpha,314,,343
9,alpha,315,,191
9,alpha,316,,382
9,alpha,317,,237
9,alpha,318,,474
9,alpha,319,,421
9,alpha,320,,347
9,alpha,321,,167
9,alpha,322,,334
9,alpha,323,,141
9,alpha,324,,282
9,alpha,325,,37
9,alpha,326,,74
9,alpha,327,,148
9,alpha,328,,296
9,alpha,329,,65
9,alpha,330,,130
9,alpha,331,,260
9,alpha,332,,25
9,alpha,333,,50
9,alpha,334,,100
9,alpha,335,,200
9,alpha,336,,400
9,alpha,337,,305
9,alpha,338,,115
9,alpha,339,,230
9,alpha,340,,460
9,alpha,341,,393
9,alpha,342,,259
9,alpha,343,,23
9,alpha,344,,46
9,alpha,345,,92
9,alpha,346,,184
9,alpha,347,,368
9,alpha,348,,241
9,alpha,349,,482
9,alpha,350,,469
9,alpha,351,,443
9,alpha,352,,359
9,alpha,353,,223
9,alpha,354,,446
9,alpha,355,,365
9,alpha,356,,203
9,alpha,357,,406
9,alpha,358,,317
9,alpha,359,,107
9,alpha,360,,214
9,alpha,361,,428
9,alpha,362,,329
9,alpha,363,,131
9,alpha,364,,262
9,alpha,365,,29
9,alpha,366,,58
9,alpha,367,,116
9,alpha,368,,232
9,alpha,369,,464
9,alpha,370,,433
9,alpha,371,,371
9,alpha,372,,247
9,alpha,373,,494
9,alpha,374,,461
9,alpha,375,,395
9,alpha,376,,263
9,alpha,377,,31
9,alpha,378,,62
9,alpha,379,,124
9,alpha,380,,248
9,alpha,381,,496
9,alpha,382,,497
9,alpha,383,,499
9,alpha,384,,503
9,alpha,385,,511
9,alpha,386,,495
9,alpha,387,,463
9,alpha,388,,399
9,alpha,389,,271
9,alpha,390,,15
9,alpha,391,,30
9,alpha,392,,60
9,alpha,393,,120
9,alpha,394,,240
9,alpha,395,,480
9,alpha,396,,465
9,alpha,397,,435
9,alpha,398,,375
9,alpha,399,,255
9,alpha,400,,510
9,alpha,401,,493
9,alpha,402,,459
9,alpha,403,,391
9,alpha,404,,287
9,alpha,405,,47
9,alpha,406,,94
9,alpha,407,,188
9,alpha,408,,376
9,alpha,409,,225
9,alpha,410,,450
9,alpha,411,,405
9,alpha,412,,315
9,alpha,413,,103
9,alpha,414,,206
9,alpha,415,,412
9,alpha,416,,297
9,alpha,417,,67
9,alpha,418,,134
9,alpha,419,,268
9,alpha,420,,9
9,alpha,421,,18
9,alpha,422,,36
9,alpha,423,,72
9,alpha,424,,144
9,alpha,425,,288
9,alpha,426,,81
9,alpha,427,,162
9,alpha,428,,324
9,alpha,429,,153
9,alpha,430,,306
9,alpha,431,,117
9,alpha,432,,234
9,alpha,433,,468
9,alpha,434,,441
9,alpha,435,,355
9,alpha,436,,215
9,alpha,437,,430
9,alpha,438,,333
9,alpha,439,,139
9,alpha,440,,278
9,alpha,441,,61
9,alpha,442,,122
9,alpha,443,,244
9,alpha,444,,488
9,alpha,445,,449
9,alpha,446,,403
9,alpha,447,,311
9,alpha,448,,127
9,alpha,449,,254
9,alpha,450,,508
9,alpha,451,,489
9,alpha,452,,451
9,alpha,453,,407
9,alpha,454,,319
9,alpha,455,,111
9,alpha,456,,222
9,alpha,457,,444
9,alpha,458,,361
9,alpha,459,,195
9,alpha,460,,390
9,alpha,461,,285
9,alpha,462,,43
9,alpha,463,,86
9,alpha,464,,172
9,alpha,465,,344
9,alpha,466,,161
9,alpha,467,,322
9,alpha,468,,149
9,alpha,469,,298
9,alpha,470,,69
9,alpha,471,,138
9,alpha,472,,276
9,alpha,473,,57
9,alpha,474,,114
9,alpha,475,,228
9,alpha,476,,456
9,alpha,477,,385
9,alpha,478,,275
9,alpha,479,,55
9,alpha,480,,110
9,alpha,481,,220
9,alpha,482,,440
9,alpha,483,,353
9,alpha,484,,211
9,alpha,485,,422
9,alpha,486,,349
9,alpha,487,,171
9,alpha,488,,342
9,alpha,489,,189
9,alpha,490,,378
9,alpha,491,,229
9,alpha,492,,458
9,alpha,493,,389
9,alpha,494,,283
9,alpha,495,,39
9,alpha,496,,78
9,alpha,497,,156
9,alpha,498,,312
9,alpha,499,,97
9,alpha,500,,194
9,alpha,501,,388
9,alpha,502,,281
9,alpha,503,,35
9,alpha,504,,70
9,alpha,505,,140
9,alpha,506,,280
9,alpha,507,,33
9,alpha,508,,66
9,alpha,509,,132
9,alpha,510,,264
9,log,1,,0
9,inverse,1,,1
9,log,2,,1
9,inverse,2,,264
9,log,3,,130
9,inverse,3,,496
9,log,4,,2
9,inverse,4,,132
9,log,5,,260
9,inverse,5,,351
9,log,6,,131
9,inverse,6,,248
9,log,7,,290
9,inverse,7,,358
9,log,8,,3
9,inverse,8,,66
9,log,9,,420
9,inverse,9,,301
9,log,10,,261
9,inverse,10,,423
9,log,11,,235
9,inverse,11,,453
9,log,12,,132
9,inverse,12,,124
9,log,13,,213
9,inverse,13,,307
9,log,14,,291
9,inverse,14,,179
9,log,15,,390
9,inverse,15,,314
9,log,16,,4
9,inverse,16,,33
9,log,17,,9
9,inverse,17,,281
9,log,18,,421
9,inverse,18,,414
9,log,19,,19
9,inverse,19,,458
9,log,20,,262
9,inverse,20,,475
9,log,21,,69
9,inverse,21,,122
9,log,22,,236
9,inverse,22,,490
9,log,23,,343
9,inverse,23,,286
9,log,24,,133
9,inverse,24,,62
9,log,25,,332
9,inverse,25,,472
9,log,26,,214
9,inverse,26,,401
9,log,27,,39
9,inverse,27,,276
9,log,28,,292
9,inverse,28,,337
9,log,29,,365
9,inverse,29,,332
9,log,30,,391
9,inverse,30,,157
9,log,31,,377
9,inverse,31,,48
9,log,32,,5
9,inverse,32,,280
9,log,33,,507
9,inverse,33,,16
9,log,34,,10
9,inverse,34,,388
9,log,35,,503
9,inverse,35,,256
9,log,36,,422
9,inverse,36,,207
9,log,37,,325
9,inverse,37,,293
9,log,38,,20
9,inverse,38,,229
9,log,39,,495
9,inverse,39,,196
9,log,40,,263
9,inverse,40,,485
9,log,41,,63
9,inverse,41,,127
9,log,42,,70
9,inverse,42,,61
9,log,43,,462
9,inverse,43,,327
9,log,44,,237
9,inverse,44,,245
9,log,45,,169
9,inverse,45,,259
9,log,46,,344
9,inverse,46,,143
9,log,47,,405
9,inverse,47,,509
9,log,48,,134
9,inverse,48,,31
9,log,49,,14
9,inverse,49,,156
9,log,50,,333
9,inverse,50,,236
9,log,51,,139
9,inverse,51,,247
9,log,52,,215
9,inverse,52,,448
9,log,53,,149
9,inverse,53,,329
9,log,54,,40
9,inverse,54,,138
9,log,55,,479
9,inverse,55,,169
9,log,56,,293
9,inverse,56,,416
9,log,57,,473
9,inverse,57,,261
9,log,58,,366
9,inverse,58,,166
9,log,59,,176
9,inverse,59,,200
9,log,60,,392
9,inverse,60,,326
9,log,61,,441
9,inverse,61,,42
9,log,62,,378
9,inverse,62,,24
9,log,63,,199
9,inverse,63,,473
9,log,64,,6
9,inverse,64,,140
9,log,65,,329
9,inverse,65,,183
9,log,66,,508
9,inverse,66,,8
9,log,67,,417
9,inverse,67,,300
9,log,68,,11
9,inverse,68,,194
9,log,69,,470
9,inverse,69,,108
9,log,70,,504
9,inverse,70,,128
9,log,71,,60
9,inverse,71,,489
9,log,72,,423
9,inverse,72,,367
9,log,73,,95
9,inverse,73,,297
9,log,74,,326
9,inverse,74,,410
9,log,75,,92
9,inverse,75,,268
9,log,76,,21
9,inverse,76,,378
9,log,77,,306
9,inverse,77,,439
9,log,78,,496
9,inverse,78,,98
9,log,79,,111
9,inverse,79,,510
9,log,80,,264
9,inverse,80,,506
9,log,81,,426
9,inverse,81,,483
9,log,82,,64
9,inverse,82,,311
9,log,83,,144
9,inverse,83,,116
9,log,84,,71
9,inverse,84,,278
9,log,85,,269
9,inverse,85,,418
9,log,86,,463
9,inverse,86,,427
9,log,87,,29
9,inverse,87,,440
9,log,88,,238
9,inverse,88,,370
9,log,89,,98
9,inverse,89,,103
9,log,90,,170
9,inverse,90,,393
9,log,91,,187
9,inverse,91,,282
9,log,92,,345
9,inverse,92,,335
9,log,93,,156
9,inverse,93,,365
9,log,94,,406
9,inverse,94,,502
9,log,95,,279
9,inverse,95,,199
9,log,96,,135
9,inverse,96,,263
9,log,97,,499
9,inverse,97,,136
9,log,98,,15
9,inverse,98,,78
9,log,99,,126
9,inverse,99,,511
9,log,100,,334
9,inverse,100,,118
9,log,101,,122
9,inverse,101,,271
9,log,102,,140
9,inverse,102,,371
9,log,103,,413
9,inverse,103,,89
9,log,104,,216
9,inverse,104,,224
9,log,105,,114
9,inverse,105,,435
9,log,106,,150
9,inverse,106,,428
9,log,107,,359
9,inverse,107,,424
9,log,108,,41
9,inverse,108,,69
9,log,109,,52
9,inverse,109,,195
9,log,110,,480
9,inverse,110,,348
9,log,111,,455
9,inverse,111,,227
9,log,112,,294
9,inverse,112,,208
9,log,113,,24
9,inverse,113,,171
9,log,114,,474
9,inverse,114,,394
9,log,115,,338
9,inverse,115,,193
9,log,116,,367
9,inverse,116,,83
9,log,117,,431
9,inverse,117,,310
9,log,118,,177
9,inverse,118,,100
9,log,119,,299
9,inverse,119,,270
9,log,120,,393
9,inverse,120,,163
9,log,121,,309
9,inverse,121,,504
9,log,122,,442
9,inverse,122,,21
9,log,123,,193
9,inverse,123,,474
9,log,124,,379
9,inverse,124,,12
9,log,125,,81
9,inverse,125,,306
9,log,126,,200
9,inverse,126,,484
9,log,127,,448
9,inverse,127,,41
9,log,128,,7
9,inverse,128,,70
9,log,129,,67
9,inverse,129,,488
9,log,130,,330
9,inverse,130,,339
9,log,131,,363
9,inverse,131,,274
9,log,132,,509
9,inverse,132,,4
9,log,133,,258
9,inverse,133,,350
9,log,134,,418
9,inverse,134,,150
9,log,135,,211
9,inverse,135,,238
9,log,136,,12
9,inverse,136,,97
9,log,137,,147
9,inverse,137,,262
9,log,138,,471
9,inverse,138,,54
9,log,139,,439
9,inverse,139,,168
9,log,140,,505
9,inverse,140,,64
9,log,141,,323
9,inverse,141,,182
9,log,142,,61
9,inverse,142,,508
9,log,143,,167
9,inverse,143,,46
9,log,144,,424
9,inverse,144,,447
9,log,145,,267
9,inverse,145,,187
9,log,146,,96
9,inverse,146,,412
9,log,147,,154
9,inverse,147,,406
9,log,148,,327
9,inverse,148,,205
9,log,149,,468
9,inverse,149,,432
9,log,150,,93
9,inverse,150,,134
9,log,151,,304
9,inverse,151,,239
9,log,152,,22
9,inverse,152,,189
9,log,153,,429
9,inverse,153,,250
9,log,154,,307
9,inverse,154,,467
9,log,155,,79
9,inverse,155,,234
9,log,156,,497
9,inverse,156,,49
9,log,157,,120
9,inverse,157,,30
9,log,158,,112
9,inverse,158,,255
9,log,159,,50
9,inverse,159,,285
9,log,160,,265
9,inverse,160,,253
9,log,161,,466
9,inverse,161,,243
9,log,162,,427
9,inverse,162,,505
9,log,163,,118
9,inverse,163,,120
9,log,164,,65
9,inverse,164,,403
9,log,165,,256
9,inverse,165,,346
9,log,166,,145
9,inverse,166,,58
9,log,167,,321
9,inverse,167,,201
9,log,168,,72
9,inverse,168,,139
9,log,169,,32
9,inverse,169,,55
9,log,170,,270
9,inverse,170,,209
9,log,171,,487
9,inverse,171,,113
9,log,172,,464
9,inverse,172,,477
9,log,173,,254
9,inverse,173,,330
9,log,174,,30
9,inverse,174,,220
9,log,175,,252
9,inverse,175,,266
9,log,176,,239
9,inverse,176,,185
9,log,177,,74
9,inverse,177,,430
9,log,178,,99
9,inverse,178,,315
9,log,179,,220
9,inverse,179,,14
9,log,180,,171
9,inverse,180,,460
9,log,181,,34
9,inverse,181,,385
9,log,182,,188
9,inverse,182,,141
9,log,183,,182
9,inverse,183,,65
9,log,184,,346
9,inverse,184,,431
9,log,185,,272
9,inverse,185,,176
9,log,186,,157
9,inverse,186,,446
9,log,187,,244
9,inverse,187,,145
9,log,188,,407
9,inverse,188,,251
9,log,189,,489
9,inverse,189,,152
9,log,190,,280
9,inverse,190,,363
9,log,191,,315
9,inverse,191,,457
9,log,192,,136
9,inverse,192,,395
9,log,193,,173
9,inverse,193,,115
9,log,194,,500
9,inverse,194,,68
9,log,195,,459
9,inverse,195,,109
9,log,196,,16
9,inverse,196,,39
9,log,197,,36
9,inverse,197,,228
9,log,198,,127
9,inverse,198,,503
9,log,199,,232
9,inverse,199,,95
9,log,200,,335
9,inverse,200,,59
9,log,201,,190
9,inverse,201,,167
9,log,202,,123
9,inverse,202,,399
9,log,203,,356
9,inverse,203,,294
9,log,204,,141
9,inverse,204,,433
9,log,205,,184
9,inverse,205,,148
9,log,206,,414
9,inverse,206,,292
9,log,207,,89
9,inverse,207,,36
9,log,208,,217
9,inverse,208,,112
9,log,209,,241
9,inverse,209,,170
9,log,210,,115
9,inverse,210,,465
9,log,211,,484
9,inverse,211,,409
9,log,212,,151
9,inverse,212,,214
9,log,213,,76
9,inverse,213,,355
9,log,214,,360
9,inverse,214,,212
9,log,215,,436
9,inverse,215,,354
9,log,216,,42
9,inverse,216,,298
9,log,217,,101
9,inverse,217,,450
9,log,218,,53
9,inverse,218,,361
9,log,219,,225
9,inverse,219,,231
9,log,220,,481
9,inverse,220,,174
9,log,221,,222
9,inverse,221,,267
9,log,222,,456
9,inverse,222,,377
9,log,223,,353
9,inverse,223,,372
9,log,224,,295
9,inverse,224,,104
9,log,225,,409
9,inverse,225,,434
9,log,226,,25
9,inverse,226,,349
9,log,227,,56
9,inverse,227,,111
9,log,228,,475
9,inverse,228,,197
9,log,229,,491
9,inverse,229,,38
9,log,230,,339
9,inverse,230,,360
9,log,231,,286
9,inverse,231,,219
9,log,232,,368
9,inverse,232,,289
9,log,233,,282
9,inverse,233,,470
9,log,234,,432
9,inverse,234,,155
9,log,235,,228
9,inverse,235,,466
9,log,236,,178
9,inverse,236,,50
9,log,237,,317
9,inverse,237,,246
9,log,238,,300
9,inverse,238,,135
9,log,239,,207
9,inverse,239,,151
9,log,240,,394
9,inverse,240,,345
9,log,241,,348
9,inverse,241,,487
9,log,242,,310
9,inverse,242,,252
9,log,243,,45
9,inverse,243,,161
9,log,244,,443
9,inverse,244,,258
9,log,245,,274
9,inverse,245,,44
9,log,246,,194
9,inverse,246,,237
9,log,247,,372
9,inverse,247,,51
9,log,248,,380
9,inverse,248,,6
9,log,249,,159
9,inverse,249,,359
9,log,250,,82
9,inverse,250,,153
9,log,251,,104
9,inverse,251,,188
9,log,252,,201
9,inverse,252,,242
9,log,253,,246
9,inverse,253,,160
9,log,254,,449
9,inverse,254,,284
9,log,255,,399
9,inverse,255,,158
9,log,256,,8
9,inverse,256,,35
9,log,257,,18
9,inverse,257,,389
9,log,258,,68
9,inverse,258,,244
9,log,259,,342
9,inverse,259,,45
9,log,260,,331
9,inverse,260,,417
9,log,261,,38
9,inverse,261,,57
9,log,262,,364
9,inverse,262,,137
9,log,263,,376
9,inverse,263,,96
9,log,264,,510
9,inverse,264,,2
9,log,265,,129
9,inverse,265,,497
9,log,266,,259
9,inverse,266,,175
9,log,267,,289
9,inverse,267,,221
9,log,268,,419
9,inverse,268,,75
9,log,269,,234
9,inverse,269,,411
9,log,270,,212
9,inverse,270,,119
9,log,271,,389
9,inverse,271,,101
9,log,272,,13
9,inverse,272,,312
9,log,273,,138
9,inverse,273,,494
9,log,274,,148
9,inverse,274,,131
9,log,275,,478
9,inverse,275,,338
9,log,276,,472
9,inverse,276,,27
9,log,277,,175
9,inverse,277,,400
9,log,278,,440
9,inverse,278,,84
9,log,279,,198
9,inverse,279,,419
9,log,280,,506
9,inverse,280,,32
9,log,281,,502
9,inverse,281,,17
9,log,282,,324
9,inverse,282,,91
9,log,283,,494
9,inverse,283,,392
9,log,284,,62
9,inverse,284,,254
9,log,285,,461
9,inverse,285,,159
9,log,286,,168
9,inverse,286,,23
9,log,287,,404
9,inverse,287,,491
9,log,288,,425
9,inverse,288,,471
9,log,289,,143
9,inverse,289,,232
9,log,290,,268
9,inverse,290,,341
9,log,291,,28
9,inverse,291,,353
9,log,292,,97
9,inverse,292,,206
9,log,293,,186
9,inverse,293,,37
9,log,294,,155
9,inverse,294,,203
9,log,295,,278
9,inverse,295,,398
9,log,296,,328
9,inverse,296,,366
9,log,297,,416
9,inverse,297,,73
9,log,298,,469
9,inverse,298,,216
9,log,299,,59
9,inverse,299,,451
9,log,300,,94
9,inverse,300,,67
9,log,301,,91
9,inverse,301,,9
9,log,302,,305
9,inverse,302,,383
9,log,303,,110
9,inverse,303,,493
9,log,304,,23
9,inverse,304,,342
9,log,305,,337
9,inverse,305,,386
9,log,306,,430
9,inverse,306,,125
9,log,307,,298
9,inverse,307,,13
9,log,308,,308
9,inverse,308,,481
9,log,309,,192
9,inverse,309,,421
9,log,310,,80
9,inverse,310,,117
9,log,311,,447
9,inverse,311,,82
9,log,312,,498
9,inverse,312,,272
9,log,313,,125
9,inverse,313,,495
9,log,314,,121
9,inverse,314,,15
9,log,315,,412
9,inverse,315,,178
9,log,316,,113
9,inverse,316,,375
9,log,317,,358
9,inverse,317,,321
9,log,318,,51
9,inverse,318,,390
9,log,319,,454
9,inverse,319,,454
9,log,320,,266
9,inverse,320,,374
9,log,321,,153
9,inverse,321,,317
9,log,322,,467
9,inverse,322,,369
9,log,323,,303
9,inverse,323,,478
9,log,324,,428
9,inverse,324,,500
9,log,325,,78
9,inverse,325,,468
9,log,326,,119
9,inverse,326,,60
9,log,327,,49
9,inverse,327,,43
9,log,328,,66
9,inverse,328,,449
9,log,329,,362
9,inverse,329,,53
9,log,330,,257
9,inverse,330,,173
9,log,331,,210
9,inverse,331,,476
9,log,332,,146
9,inverse,332,,29
9,log,333,,438
9,inverse,333,,336
9,log,334,,322
9,inverse,334,,364
9,log,335,,166
9,inverse,335,,92
9,log,336,,73
9,inverse,336,,333
9,log,337,,219
9,inverse,337,,28
9,log,338,,33
9,inverse,338,,275
9,log,339,,181
9,inverse,339,,130
9,log,340,,271
9,inverse,340,,352
9,log,341,,243
9,inverse,341,,290
9,log,342,,488
9,inverse,342,,304
9,log,343,,314
9,inverse,343,,387
9,log,344,,465
9,inverse,344,,486
9,log,345,,117
9,inverse,345,,240
9,log,346,,255
9,inverse,346,,165
9,log,347,,320
9,inverse,347,,402
9,log,348,,31
9,inverse,348,,110
9,log,349,,486
9,inverse,349,,226
9,log,350,,253
9,inverse,350,,133
9,log,351,,251
9,inverse,351,,5
9,log,352,,240
9,inverse,352,,340
9,log,353,,483
9,inverse,353,,291
9,log,354,,75
9,inverse,354,,215
9,log,355,,435
9,inverse,355,,213
9,log,356,,100
9,inverse,356,,405
9,log,357,,224
9,inverse,357,,462
9,log,358,,221
9,inverse,358,,7
9,log,359,,352
9,inverse,359,,249
9,log,360,,172
9,inverse,360,,230
9,log,361,,458
9,inverse,361,,218
9,log,362,,35
9,inverse,362,,456
9,log,363,,231
9,inverse,363,,190
9,log,364,,189
9,inverse,364,,334
9,log,365,,355
9,inverse,365,,93
9,log,366,,183
9,inverse,366,,296
9,log,367,,88
9,inverse,367,,72
9,log,368,,347
9,inverse,368,,479
9,log,369,,44
9,inverse,369,,322
9,log,370,,273
9,inverse,370,,88
9,log,371,,371
9,inverse,371,,102
9,log,372,,158
9,inverse,372,,223
9,log,373,,103
9,inverse,373,,376
9,log,374,,245
9,inverse,374,,320
9,log,375,,398
9,inverse,375,,316
9,log,376,,408
9,inverse,376,,373
9,log,377,,55
9,inverse,377,,222
9,log,378,,490
9,inverse,378,,76
9,log,379,,285
9,inverse,379,,438
9,log,380,,281
9,inverse,380,,445
9,log,381,,227
9,inverse,381,,437
9,log,382,,316
9,inverse,382,,492
9,log,383,,206
9,inverse,383,,302
9,log,384,,137
9,inverse,384,,461
9,log,385,,477
9,inverse,385,,181
9,log,386,,174
9,inverse,386,,305
9,log,387,,197
9,inverse,387,,343
9,log,388,,501
9,inverse,388,,34
9,log,389,,493
9,inverse,389,,257
9,log,390,,460
9,inverse,390,,318
9,log,391,,403
9,inverse,391,,455
9,log,392,,17
9,inverse,392,,283
9,log,393,,341
9,inverse,393,,90
9,log,394,,37
9,inverse,394,,114
9,log,395,,375
9,inverse,395,,192
9,log,396,,128
9,inverse,396,,499
9,log,397,,288
9,inverse,397,,442
9,log,398,,233
9,inverse,398,,295
9,log,399,,388
9,inverse,399,,202
9,log,400,,336
9,inverse,400,,277
9,log,401,,297
9,inverse,401,,26
9,log,402,,191
9,inverse,402,,347
9,log,403,,446
9,inverse,403,,164
9,log,404,,124
9,inverse,404,,463
9,log,405,,411
9,inverse,405,,356
9,log,406,,357
9,inverse,406,,147
9,log,407,,453
9,inverse,407,,413
9,log,408,,142
9,inverse,408,,464
9,log,409,,27
9,inverse,409,,211
9,log,410,,185
9,inverse,410,,74
9,log,411,,277
9,inverse,411,,269
9,log,412,,415
9,inverse,412,,146
9,log,413,,58
9,inverse,413,,407
9,log,414,,90
9,inverse,414,,18
9,log,415,,109
9,inverse,415,,459
9,log,416,,218
9,inverse,416,,56
9,log,417,,180
9,inverse,417,,260
9,log,418,,242
9,inverse,418,,85
9,log,419,,313
9,inverse,419,,279
9,log,420,,116
9,inverse,420,,480
9,log,421,,319
9,inverse,421,,309
9,log,422,,485
9,inverse,422,,452
9,log,423,,250
9,inverse,423,,10
9,log,424,,152
9,inverse,424,,107
9,log,425,,302
9,inverse,425,,429
9,log,426,,77
9,inverse,426,,441
9,log,427,,48
9,inverse,427,,86
9,log,428,,361
9,inverse,428,,106
9,log,429,,209
9,inverse,429,,425
9,log,430,,437
9,inverse,430,,177
9,log,431,,165
9,inverse,431,,184
9,log,432,,43
9,inverse,432,,149
9,log,433,,370
9,inverse,433,,204
9,log,434,,102
9,inverse,434,,225
9,log,435,,397
9,inverse,435,,105
9,log,436,,54
9,inverse,436,,444
9,log,437,,284
9,inverse,437,,381
9,log,438,,226
9,inverse,438,,379
9,log,439,,205
9,inverse,439,,77
9,log,440,,482
9,inverse,440,,87
9,log,441,,434
9,inverse,441,,426
9,log,442,,223
9,inverse,442,,397
9,log,443,,351
9,inverse,443,,498
9,log,444,,457
9,inverse,444,,436
9,log,445,,230
9,inverse,445,,380
9,log,446,,354
9,inverse,446,,186
9,log,447,,87
9,inverse,447,,144
9,log,448,,296
9,inverse,448,,52
9,log,449,,445
9,inverse,449,,328
9,log,450,,410
9,inverse,450,,217
9,log,451,,452
9,inverse,451,,299
9,log,452,,26
9,inverse,452,,422
9,log,453,,276
9,inverse,453,,11
9,log,454,,57
9,inverse,454,,319
9,log,455,,108
9,inverse,455,,391
9,log,456,,476
9,inverse,456,,362
9,log,457,,196
9,inverse,457,,191
9,log,458,,492
9,inverse,458,,19
9,log,459,,402
9,inverse,459,,415
9,log,460,,340
9,inverse,460,,180
9,log,461,,374
9,inverse,461,,384
9,log,462,,287
9,inverse,462,,357
9,log,463,,387
9,inverse,463,,404
9,log,464,,369
9,inverse,464,,408
9,log,465,,396
9,inverse,465,,210
9,log,466,,283
9,inverse,466,,235
9,log,467,,204
9,inverse,467,,154
9,log,468,,433
9,inverse,468,,325
9,log,469,,350
9,inverse,469,,501
9,log,470,,229
9,inverse,470,,233
9,log,471,,86
9,inverse,471,,288
9,log,472,,179
9,inverse,472,,25
9,log,473,,312
9,inverse,473,,63
9,log,474,,318
9,inverse,474,,123
9,log,475,,249
9,inverse,475,,20
9,log,476,,301
9,inverse,476,,331
9,log,477,,47
9,inverse,477,,172
9,log,478,,208
9,inverse,478,,323
9,log,479,,164
9,inverse,479,,368
9,log,480,,395
9,inverse,480,,420
9,log,481,,203
9,inverse,481,,308
9,log,482,,349
9,inverse,482,,507
9,log,483,,85
9,inverse,483,,81
9,log,484,,311
9,inverse,484,,126
9,log,485,,248
9,inverse,485,,40
9,log,486,,46
9,inverse,486,,344
9,log,487,,163
9,inverse,487,,241
9,log,488,,444
9,inverse,488,,129
9,log,489,,451
9,inverse,489,,71
9,log,490,,275
9,inverse,490,,22
9,log,491,,107
9,inverse,491,,287
9,log,492,,195
9,inverse,492,,382
9,log,493,,401
9,inverse,493,,303
9,log,494,,373
9,inverse,494,,273
9,log,495,,386
9,inverse,495,,313
9,log,496,,381
9,inverse,496,,3
9,log,497,,382
9,inverse,497,,265
9,log,498,,160
9,inverse,498,,443
9,log,499,,383
9,inverse,499,,396
9,log,500,,83
9,inverse,500,,324
9,log,501,,161
9,inverse,501,,469
9,log,502,,105
9,inverse,502,,94
9,log,503,,384
9,inverse,503,,198
9,log,504,,202
9,inverse,504,,121
9,log,505,,84
9,inverse,505,,162
9,log,506,,247
9,inverse,506,,80
9,log,507,,162
9,inverse,507,,482
9,log,508,,450
9,inverse,508,,142
9,log,509,,106
9,inverse,509,,47
9,log,510,,400
9,inverse,510,,79
9,log,511,,385
9,inverse,511,,99
9,multiply,11,8,88
9,divide,11,8,199
9,evaluate,11,8,72
9,multiply,48,61,82
9,divide,48,61,467
9,evaluate,48,61,399
9,multiply,85,114,199
9,divide,85,114,77
9,evaluate,85,114,312
9,multiply,122,167,175
9,divide,122,167,314
9,evaluate,122,167,365
9,multiply,159,220,38
9,divide,159,220,310
9,evaluate,159,220,53
9,multiply,196,273,147
9,divide,196,273,271
9,evaluate,196,273,92
9,multiply,233,326,493
9,divide,233,326,487
9,evaluate,233,326,122
9,multiply,270,379,156
9,divide,270,379,333
9,evaluate,270,379,179
9,multiply,307,432,393
9,divide,307,432,346
9,evaluate,307,432,129
9,multiply,344,485,504
9,divide,344,485,208
9,evaluate,344,485,119
9,multiply,381,27,320
9,divide,381,27,182
9,evaluate,381,27,24
9,multiply,418,80,280
9,divide,418,80,189
9,evaluate,418,80,101
9,multiply,455,133,58
9,divide,455,133,428
9,evaluate,455,133,19
9,multiply,492,186,359
9,divide,492,186,261
9,evaluate,492,186,492
9,multiply,17,239,104
9,divide,17,239,419
9,evaluate,17,239,326
9,multiply,54,292,384
9,divide,54,292,319
9,evaluate,54,292,399
9,multiply,91,345,151
9,divide,91,345,42
9,evaluate,91,345,301
9,multiply,128,398,352
9,divide,128,398,379
9,evaluate,128,398,471
9,multiply,165,451,387
9,divide,165,451,191
9,evaluate,165,451,486
9,multiply,202,504,37
9,divide,202,504,234
9,evaluate,202,504,109
9,multiply,239,46,54
9,divide,239,46,461
9,evaluate,239,46,21
9,multiply,276,99,447
9,divide,276,99,184
9,evaluate,276,99,384
9,multiply,313,152,137
9,divide,313,152,373
9,evaluate,313,152,448
9,multiply,350,205,430
9,divide,350,205,21
9,evaluate,350,205,451
9,multiply,387,258,160
9,divide,387,258,265
9,evaluate,387,258,370
9,multiply,424,311,367
9,divide,424,311,104
9,evaluate,424,311,203
9,multiply,461,364,109
9,divide,461,364,410
9,evaluate,461,364,143
9,multiply,498,417,460
9,divide,498,417,229
9,evaluate,498,417,410
9,multiply,23,470,142
9,divide,23,470,105
9,evaluate,23,470,180
9,multiply,60,12,272
9,divide,60,12,5
9,evaluate,60,12,192
9,multiply,97,65,237
9,divide,97,65,90
9,evaluate,97,65,292
9,multiply,134,118,505
9,divide,134,118,209
9,evaluate,134,118,478
9,multiply,171,171,86
9,divide,171,171,1
9,evaluate,171,171,220
9,multiply,208,224,2
9,divide,208,224,468
9,evaluate,208,224,462
9,multiply,245,277,254
9,divide,245,277,178
9,evaluate,245,277,206
9,multiply,282,330,42
9,divide,282,330,129
9,evaluate,282,330,46
9,multiply,319,383,53
9,divide,319,383,485
9,evaluate,319,383,479
9,multiply,356,436,147
9,divide,356,436,486
9,evaluate,356,436,361
9,multiply,393,489,380
9,divide,393,489,493
9,evaluate,393,489,121
9,multiply,430,31,323
9,divide,430,31,71
9,evaluate,430,31,221
9,multiply,467,84,490
9,divide,467,84,24
9,evaluate,467,84,486
9,multiply,504,137,482
9,divide,504,137,377
9,evaluate,504,137,478
9,multiply,29,190,48
9,divide,29,190,483
9,evaluate,29,190,112
9,multiply,66,243,216
9,divide,66,243,86
9,evaluate,66,243,185
9,multiply,103,296,445
9,divide,103,296,483
9,evaluate,103,296,389
9,multiply,140,349,110
9,divide,140,349,19
9,evaluate,140,349,184
9,multiply,177,402,160
9,divide,177,402,240
9,evaluate,177,402,445
9,multiply,214,455,149
9,divide,214,455,175
9,evaluate,214,455,398
9,multiply,251,508,432
9,divide,251,508,431
9,evaluate,251,508,153
9,multiply,288,50,506
9,divide,288,50,75
9,evaluate,288,50,173
9,multiply,325,103,229
9,divide,325,103,59
9,evaluate,325,103,52
9,multiply,362,156,76
9,divide,362,156,327
9,evaluate,362,156,359
9,multiply,399,209,163
9,divide,399,209,137
9,evaluate,399,209,428
9,multiply,436,262,134
9,divide,436,262,252
9,evaluate,436,262,173
9,multiply,473,315,13
9,divide,473,315,405
9,evaluate,473,315,22
9,multiply,510,368,22
9,divide,510,368,218
9,evaluate,510,368,4
9,multiply,35,421,484
9,divide,35,421,205
9,evaluate,35,421,118
9,multiply,72,474,445
9,divide,72,474,502
9,evaluate,72,474,328
9,multiply,109,16,227
9,divide,109,16,427
9,evaluate,109,16,106
9,multiply,146,69,377
9,divide,146,69,384
9,evaluate,146,69,247
9,multiply,183,122,316
9,divide,183,122,351
9,evaluate,183,122,426
9,multiply,220,175,221
9,divide,220,175,470
9,evaluate,220,175,426
9,multiply,257,228,389
9,divide,257,228,436
9,evaluate,257,228,3
9,multiply,294,281,332
9,divide,294,281,479
9,evaluate,294,281,414
9,multiply,331,334,76
9,divide,331,334,255
9,evaluate,331,334,34
9,multiply,368,387,338
9,divide,368,387,106
9,evaluate,368,387,101
9,multiply,405,440,497
9,divide,405,440,278
9,evaluate,405,440,352
9,multiply,442,493,316
9,divide,442,493,50
9,evaluate,442,493,110
9,multiply,479,35,93
9,divide,479,35,360
9,evaluate,479,35,247
9,multiply,4,88,352
9,divide,4,88,490
9,evaluate,4,88,128
9,multiply,41,141,495
9,divide,41,141,351
9,evaluate,41,141,135
9,multiply,78,194,422
9,divide,78,194,33
9,evaluate,78,194,180
9,multiply,115,247,63
9,divide,115,247,385
9,evaluate,115,247,274
9,multiply,152,300,420
9,divide,152,300,139
9,evaluate,152,300,332
9,multiply,189,353,285
9,divide,189,353,64
9,evaluate,189,353,446
9,multiply,226,406,497
9,divide,226,406,472
9,evaluate,226,406,183
9,multiply,263,459,145
9,divide,263,459,422
9,evaluate,263,459,93
9,multiply,300,1,300
9,divide,300,1,300
9,evaluate,300,1,300
9,multiply,337,54,266
9,divide,337,54,472
9,evaluate,337,54,406
9,multiply,374,107,150
9,divide,374,107,435
9,evaluate,374,107,494
9,multiply,411,160,348
9,divide,411,160,136
9,evaluate,411,160,232
9,multiply,448,213,247
9,divide,448,213,179
9,evaluate,448,213,29
9,multiply,485,266,33
9,divide,485,266,194
9,evaluate,485,266,352
9,multiply,10,319,467
9,divide,10,319,474
9,evaluate,10,319,30
9,multiply,47,372,109
9,divide,47,372,506
9,evaluate,47,372,30
9,multiply,84,425,494
9,divide,84,425,190
9,evaluate,84,425,15
9,multiply,121,478,64
9,divide,121,478,217
9,evaluate,121,478,381
9,multiply,158,20,461
9,divide,158,20,428
9,evaluate,158,20,38
9,multiply,195,73,432
9,divide,195,73,262
9,evaluate,195,73,202
9,multiply,232,126,454
9,divide,232,126,286
9,evaluate,232,126,264
9,multiply,269,179,319
9,divide,269,179,49
9,evaluate,269,179,267
9,multiply,306,232,462
9,divide,306,232,284
9,evaluate,306,232,309
9,multiply,343,285,80
9,divide,343,285,262
9,evaluate,343,285,509
9,multiply,380,338,343
9,divide,380,338,485
9,evaluate,380,338,484
9,multiply,417,391,168
9,divide,417,391,397
9,evaluate,417,391,242
9,multiply,454,444,8
9,divide,454,444,79
9,evaluate,454,444,491
9,multiply,491,497,189
9,divide,491,497,22
9,evaluate,491,497,296
9,multiply,16,39,97
9,divide,16,39,38
9,evaluate,16,39,54
9,multiply,53,92,283
9,divide,53,92,191
9,evaluate,53,92,10
9,multiply,90,145,430
9,divide,90,145,206
9,evaluate,90,145,424
9,multiply,127,198,82
9,divide,127,198,167
9,evaluate,127,198,419
9,multiply,164,251,45
9,divide,164,251,276
9,evaluate,164,251,501
9,multiply,201,304,13
9,divide,201,304,143
9,evaluate,201,304,25
9,multiply,238,357,272
9,divide,238,357,213
9,evaluate,238,357,228
9,multiply,275,410,424
9,divide,275,410,56
9,evaluate,275,410,216
9,multiply,312,463,461
9,divide,312,463,79
9,evaluate,312,463,511
9,multiply,349,5,11
9,divide,349,5,438
9,evaluate,349,5,95
9,multiply,386,58,87
9,divide,386,58,421
9,evaluate,386,58,131
9,multiply,423,111,246
9,divide,423,111,77
9,evaluate,423,111,224
9,multiply,460,164,47
9,divide,460,164,490
9,evaluate,460,164,450
9,multiply,497,217,353
9,divide,497,217,380
9,evaluate,497,217,35
9,multiply,22,270,127
9,divide,22,270,113
9,evaluate,22,270,327
9,multiply,59,323,55
9,divide,59,323,503
9,evaluate,59,323,321
9,multiply,96,376,169
9,divide,96,376,88
9,evaluate,96,376,336
9,multiply,133,429,322
9,divide,133,429,327
9,evaluate,133,429,231
9,multiply,170,482,455
9,divide,170,482,234
9,evaluate,170,482,292
9,multiply,207,24,221
9,divide,207,24,322
9,evaluate,207,24,35
9,multiply,244,77,88
9,divide,244,77,384
9,evaluate,244,77,229
9,multiply,281,130,167
9,divide,281,130,360
9,evaluate,281,130,145
9,multiply,318,183,398
9,divide,318,183,248
9,evaluate,318,183,229
9,multiply,355,236,434
9,divide,355,236,330
9,evaluate,355,236,131
9,multiply,392,289,498
9,divide,392,289,511
9,evaluate,392,289,362
9,multiply,429,342,293
9,divide,429,342,199
9,evaluate,429,342,350
9,multiply,466,395,137
9,divide,466,395,268
9,evaluate,466,395,509
9,multiply,503,448,45
9,divide,503,448,367
9,evaluate,503,448,51
9,multiply,28,501,407
9,divide,28,501,6
9,evaluate,28,501,247
9,multiply,65,43,190
9,divide,65,43,62
9,evaluate,65,43,441
9,multiply,102,96,490
9,divide,102,96,32
9,evaluate,102,96,452
9,multiply,139,149,465
9,divide,139,149,440
9,evaluate,139,149,33
9,multiply,176,202,329
9,divide,176,202,420
9,evaluate,176,202,152
9,multiply,213,255,228
9,divide,213,255,182
9,evaluate,213,255,496
9,multiply,250,308,15
9,divide,250,308,379
9,evaluate,250,308,105
9,multiply,287,361,443
9,divide,287,361,444
9,evaluate,287,361,221
9,multiply,324,414,128
9,divide,324,414,115
9,evaluate,324,414,43
9,multiply,361,467,212
9,divide,361,467,173
9,evaluate,361,467,12
9,multiply,398,9,408
9,divide,398,9,282
9,evaluate,398,9,449
9,multiply,435,62,80
9,divide,435,62,19
9,evaluate,435,62,207
9,multiply,472,115,64
9,divide,472,115,359
9,evaluate,472,115,98
9,multiply,509,168,236
9,divide,509,168,181
9,evaluate,509,168,133
9,multiply,34,221,199
9,divide,34,221,119
9,evaluate,34,221,480
9,multiply,71,274,478
9,divide,71,274,72
9,evaluate,71,274,55
9,multiply,108,327,414
9,divide,108,327,35
9,evaluate,108,327,278
9,multiply,145,380,394
9,divide,145,380,156
9,evaluate,145,380,402
9,multiply,182,433,477
9,divide,182,433,65
9,evaluate,182,433,179
9,multiply,219,486,340
9,divide,219,486,472
9,evaluate,219,486,68
9,multiply,256,28,238
9,divide,256,28,381
9,evaluate,256,28,242
9,multiply,293,81,217
9,divide,293,81,340
9,evaluate,293,81,125
9,multiply,330,134,479
9,divide,330,134,469
9,evaluate,330,134,281
9,multiply,367,187,25
9,divide,367,187,365
9,evaluate,367,187,382
9,multiply,404,240,128
9,divide,404,240,209
9,evaluate,404,240,371
9,multiply,441,293,415
9,divide,441,293,485
9,evaluate,441,293,67
9,multiply,478,346,86
9,divide,478,346,172
9,evaluate,478,346,250
9,multiply,3,399,128
9,divide,3,399,350
9,evaluate,3,399,281
9,multiply,40,452,267
9,divide,40,452,44
9,evaluate,40,452,79
9,multiply,77,505,15
9,divide,77,505,221
9,evaluate,77,505,161
9,multiply,114,47,232
9,divide,114,47,21
9,evaluate,114,47,146
9,multiply,151,100,198
9,divide,151,100,220
9,evaluate,151,100,34
9,multiply,188,153,37
9,divide,188,153,189
9,evaluate,188,153,132
9,multiply,225,206,473
9,divide,225,206,280
9,evaluate,225,206,363
9,multiply,262,259,492
9,divide,262,259,152
9,evaluate,262,259,509
9,multiply,299,312,486
9,divide,299,312,168
9,evaluate,299,312,243
9,multiply,336,365,324
9,divide,336,365,470
9,evaluate,336,365,245
9,multiply,373,418,92
9,divide,373,418,247
9,evaluate,373,418,105
9,multiply,410,471,340
9,divide,410,471,178
9,evaluate,410,471,464
9,multiply,447,13,238
9,divide,447,13,511
9,evaluate,447,13,355
9,multiply,484,66,308
9,divide,484,66,343
9,evaluate,484,66,44
9,multiply,9,119,478
9,divide,9,119,314
9,evaluate,9,119,48
9,multiply,46,172,401
9,divide,46,172,30
9,evaluate,46,172,33
9,multiply,83,225,216
9,divide,83,225,253
9,evaluate,83,225,366
9,multiply,120,278,334
9,divide,120,278,172
9,evaluate,120,278,124
9,multiply,157,331,130
9,divide,157,331,18
9,evaluate,157,331,453
9,multiply,194,384,99
9,divide,194,384,131
9,evaluate,194,384,503
9,multiply,231,437,299
9,divide,231,437,4
9,evaluate,231,437,163
9,multiply,268,490,366
9,divide,268,490,83
9,evaluate,268,490,56
9,multiply,305,32,259
9,divide,305,32,25
9,evaluate,305,32,352
9,multiply,342,85,253
9,divide,342,85,337
9,evaluate,342,85,316
9,multiply,379,138,374
9,divide,379,138,37
9,evaluate,379,138,361
9,multiply,416,191,152
9,divide,416,191,206
9,evaluate,416,191,288
9,multiply,453,244,478
9,divide,453,244,46
9,evaluate,453,244,325
9,multiply,490,297,417
9,divide,490,297,433
9,evaluate,490,297,22
9,multiply,15,350,12
9,divide,15,350,384
9,evaluate,15,350,488
9,multiply,52,403,106
9,divide,52,403,190
9,evaluate,52,403,277
9,multiply,89,456,41
9,divide,89,456,24
9,evaluate,89,456,118
9,multiply,126,509,77
9,divide,126,509,300
9,evaluate,126,509,406
9,multiply,163,51,330
9,divide,163,51,378
9,evaluate,163,51,264
9,multiply,200,104,54
9,divide,200,104,326
9,evaluate,200,104,439
9,multiply,237,157,430
9,divide,237,157,387
9,evaluate,237,157,377
9,multiply,274,210,40
9,divide,274,210,338
9,evaluate,274,210,117
9,multiply,311,263,473
9,divide,311,263,84
9,evaluate,311,263,37
9,multiply,348,316,83
9,divide,348,316,153
9,evaluate,348,316,180
9,multiply,385,369,34
9,divide,385,369,468
9,evaluate,385,369,47
9,multiply,422,422,195
9,divide,422,422,1
9,evaluate,422,422,278
9,multiply,459,475,102
9,divide,459,475,321
9,evaluate,459,475,113
9,multiply,496,17,15
9,divide,496,17,247
9,evaluate,496,17,407
9,multiply,21,70,284
9,divide,21,70,213
9,evaluate,21,70,103
9,multiply,58,123,427
9,divide,58,123,193
9,evaluate,58,123,168
9,multiply,95,176,128
9,divide,95,176,54
9,evaluate,95,176,510
9,multiply,132,229,189
9,divide,132,229,257
9,evaluate,132,229,341
9,multiply,169,282,203
9,divide,169,282,337
9,evaluate,169,282,471
9,multiply,206,335,21
9,divide,206,335,485
9,evaluate,206,335,300
9,multiply,243,388,362
9,divide,243,388,377
9,evaluate,243,388,439
9,multiply,280,441,153
9,divide,280,441,168
9,evaluate,280,441,38
9,multiply,317,494,179
9,divide,317,494,78
9,evaluate,317,494,406
9,multiply,354,36,156
9,divide,354,36,479
9,evaluate,354,36,38
9,multiply,391,89,388
9,divide,391,89,302
9,evaluate,391,89,501
9,multiply,428,142,36
9,divide,428,142,238
9,evaluate,428,142,331
9,multiply,465,195,46
9,divide,465,195,127
9,evaluate,465,195,322
9,multiply,502,248,422
9,divide,502,248,22
9,evaluate,502,248,260
9,multiply,27,301,3
9,divide,27,301,195
9,evaluate,27,301,368
9,multiply,64,354,125
9,divide,64,354,122
9,evaluate,64,354,167
9,multiply,101,407,82
9,divide,101,407,417
9,evaluate,101,407,354
9,multiply,138,460,238
9,divide,138,460,6
9,evaluate,138,460,107
9,multiply,175,2,350
9,divide,175,2,351
9,evaluate,175,2,343
9,multiply,212,55,326
9,divide,212,55,366
9,evaluate,212,55,219
9,multiply,249,108,126
9,divide,249,108,163
9,evaluate,249,108,181
9,multiply,286,161,202
9,divide,286,161,13
9,evaluate,286,161,460
9,multiply,323,214,424
9,divide,323,214,319
9,evaluate,323,214,52
9,multiply,360,267,285
9,divide,360,267,240
9,evaluate,360,267,471
9,multiply,397,320,432
9,divide,397,320,152
9,evaluate,397,320,127
9,multiply,434,373,439
9,divide,434,373,264
9,evaluate,434,373,463
9,multiply,471,426,487
9,divide,471,426,17
9,evaluate,471,426,141
9,multiply,508,479,373
9,divide,508,479,231
9,evaluate,508,479,190
9,multiply,33,21,164
9,divide,33,21,333
9,evaluate,33,21,74
9,multiply,70,74,421
9,divide,70,74,236
9,evaluate,70,74,230
9,multiply,107,127,448
9,divide,107,127,36
9,evaluate,107,127,143
9,multiply,144,180,505
9,divide,144,180,350
9,evaluate,144,180,508
9,multiply,181,233,382
9,divide,181,233,40
9,evaluate,181,233,439
9,multiply,218,286,358
9,divide,218,286,465
9,evaluate,218,286,289
9,multiply,255,339,21
9,divide,255,339,416
9,evaluate,255,339,189
9,multiply,292,392,105
9,divide,292,392,310
9,evaluate,292,392,342
9,multiply,329,445,125
9,divide,329,445,12
9,evaluate,329,445,420
9,multiply,366,498,23
9,divide,366,498,304
9,evaluate,366,498,120
9,multiply,403,40,279
9,divide,403,40,366
9,evaluate,403,40,49
9,multiply,440,93,198
9,divide,440,93,74
9,evaluate,440,93,82
9,multiply,477,146,289
9,divide,477,146,43
9,evaluate,477,146,173
9,multiply,2,199,398
9,divide,2,199,190
9,evaluate,2,199,21
9,multiply,39,252,410
9,divide,39,252,112
9,evaluate,39,252,464
9,multiply,76,305,317
9,divide,76,305,492
9,evaluate,76,305,510
9,multiply,113,358,374
9,divide,113,358,343
9,evaluate,113,358,223
9,multiply,150,411,433
9,divide,150,411,148
9,evaluate,150,411,235
9,multiply,187,464,434
9,divide,187,464,495
9,evaluate,187,464,80
9,multiply,224,6,81
9,divide,224,6,479
9,evaluate,224,6,40
9,multiply,261,59,26
9,divide,261,59,494
9,evaluate,261,59,403
9,multiply,298,112,175
9,divide,298,112,277
9,evaluate,298,112,477
9,multiply,335,165,36
9,divide,335,165,18
9,evaluate,335,165,367
9,multiply,372,218,135
9,divide,372,218,502
9,evaluate,372,218,127
9,multiply,409,271,297
9,divide,409,271,53
9,evaluate,409,271,398
9,multiply,446,324,340
9,divide,446,324,430
9,evaluate,446,324,321
9,multiply,483,377,102
9,divide,483,377,174
9,evaluate,483,377,456
9,multiply,8,430,278
9,divide,8,430,426
9,evaluate,8,430,28
9,multiply,45,483,173
9,divide,45,483,505
9,evaluate,45,483,502
9,multiply,82,25,465
9,divide,82,25,341
9,evaluate,82,25,118
9,multiply,119,78,437
9,divide,119,78,343
9,evaluate,119,78,277
9,multiply,156,131,482
9,divide,156,131,48
9,evaluate,156,131,354
9,multiply,193,184,256
9,divide,193,184,115
9,evaluate,193,184,453
9,multiply,230,237,166
9,divide,230,237,152
9,evaluate,230,237,433
